,mean,std,2.5q,25q,50q,75q,97.5q,mc err
a,0.639850131683,0.00198147156183,0.635997867829,0.638511688962,0.639849415423,0.641169897503,0.643760426582,9.72860049709e-06
a_std,0.0234316085032,0.00172948246798,0.0202131463875,0.0222414741881,0.023366023851,0.0245512036943,0.0270190404905,9.01944488827e-06
a_subj.0,0.658169480292,0.0118310821283,0.635326340964,0.650104918757,0.65802851402,0.666067799453,0.681657776854,5.73099550147e-05
a_subj.1,0.659144389032,0.0139736257447,0.631338927374,0.649858923921,0.65921293452,0.668644600508,0.686188656553,5.93675480144e-05
a_subj.2,0.650499822946,0.012104206054,0.627064798337,0.642267628469,0.650410816016,0.658560252768,0.67452898636,5.42203185717e-05
a_subj.3,0.638735504807,0.0125913414092,0.614362128806,0.630209151166,0.638585799737,0.647140303247,0.663632600368,5.37555021047e-05
a_subj.4,0.643264171727,0.014966505778,0.61503723181,0.632918726664,0.642817013865,0.653207964578,0.673616177434,6.8474198967e-05
a_subj.5,0.655496861363,0.0133025583016,0.630127753703,0.646367450284,0.655350755655,0.664372400412,0.682111914711,5.97218671978e-05
a_subj.6,0.662415131959,0.0134250424783,0.636438237294,0.653383003984,0.662328926974,0.671327363827,0.6891796265,6.59397205337e-05
a_subj.7,0.635933388576,0.0126330862934,0.61148875835,0.62730997727,0.635712835376,0.644455464491,0.661059078487,5.87071356119e-05
a_subj.8,0.629264573052,0.0117012668507,0.606498744193,0.621289331959,0.629228621854,0.637075246233,0.652438354497,5.75704147498e-05
a_subj.9,0.626670516518,0.0114651539739,0.60444223214,0.618914299997,0.626573485302,0.634301105035,0.649381139143,4.92822508271e-05
a_subj.10,0.677813493258,0.0144899902701,0.649984811515,0.66797470266,0.677595099247,0.687259469256,0.707060748619,6.50390126901e-05
a_subj.11,0.65214426843,0.0129022515476,0.627405237412,0.643330613055,0.651990455442,0.660742928867,0.677979490156,5.91694436654e-05
a_subj.12,0.64475301831,0.0140783606039,0.61694770174,0.63528454942,0.64488460564,0.654237867793,0.672240268962,6.8683658512e-05
a_subj.13,0.618324434339,0.011347501502,0.596409087831,0.610613917691,0.618193965288,0.625864943541,0.641028974161,4.91467912119e-05
a_subj.14,0.643882215357,0.0126243444894,0.619512117014,0.635292457234,0.643697511387,0.652312042235,0.669236307776,6.02273386809e-05
a_subj.15,0.642488669781,0.0115268965455,0.620089978096,0.634691600972,0.642354858596,0.650225185647,0.665328647076,5.82468218501e-05
a_subj.16,0.631184391254,0.0119505826227,0.607903172251,0.623094332424,0.631125958631,0.639168266894,0.654782269802,5.64872912193e-05
a_subj.17,0.662219340812,0.0123126713358,0.638645386884,0.653767260241,0.662134312735,0.670402496746,0.68678134702,5.39098577126e-05
a_subj.18,0.620088636861,0.0112553939116,0.598259876576,0.612475511426,0.620034359666,0.62754137289,0.642488381389,4.72968965688e-05
a_subj.19,0.64307631837,0.0119441214742,0.619956048218,0.635066968901,0.642920841421,0.651054428364,0.666756321733,5.48531782862e-05
a_subj.20,0.625409981527,0.0115572219716,0.603000656403,0.617600452122,0.625285322806,0.633156421687,0.648390691504,5.49591706921e-05
a_subj.21,0.664388690459,0.0137668597178,0.637780752914,0.655026271975,0.664150363258,0.673469628519,0.691997701912,5.74560337141e-05
a_subj.22,0.63207732375,0.0119470253392,0.609125114973,0.624005888741,0.631924976749,0.640092309968,0.655908472744,5.02761801867e-05
a_subj.23,0.637977948683,0.0121371690806,0.614478970059,0.62968842893,0.637897466188,0.646086160073,0.661947982167,5.54869400514e-05
a_subj.24,0.650040906838,0.0123599873025,0.626309298634,0.64168224347,0.64985748772,0.658340743078,0.674818608659,5.45759383112e-05
a_subj.25,0.636756807182,0.0122263227286,0.613072851342,0.628461250081,0.636568368804,0.644964583469,0.661257802089,5.4847340936e-05
a_subj.26,0.643287792131,0.0154458204248,0.613477334642,0.632674939639,0.64314867432,0.653620257765,0.673983967846,6.6947256596e-05
a_subj.27,0.651394913473,0.0120369053529,0.628323649834,0.643209565975,0.651183676972,0.659400573052,0.675514769408,5.67443187031e-05
a_subj.28,0.660113422868,0.0134527413178,0.634272418589,0.65088952755,0.659898608656,0.669045544859,0.687258084295,6.50597443854e-05
a_subj.29,0.652149359928,0.0117508622868,0.629589846583,0.644103243727,0.652001009188,0.660097232305,0.675357634956,5.33094517982e-05
a_subj.30,0.659850525696,0.0126237755683,0.635654789985,0.651225437304,0.659614684961,0.668165828991,0.685243015805,5.196832672e-05
a_subj.31,0.661033622478,0.0117791410471,0.638480538577,0.653038662833,0.66079611313,0.668883955653,0.68470424431,5.28265450188e-05
a_subj.32,0.624084914685,0.0120877674511,0.60118939699,0.615861266434,0.623834676829,0.63201978137,0.64886203727,6.09772628343e-05
a_subj.33,0.613253231998,0.012020547172,0.589835248567,0.60507204685,0.613248398894,0.62133286064,0.637007591473,5.09387085669e-05
a_subj.34,0.631554830539,0.0113331926873,0.609818111407,0.62390945908,0.631383382074,0.639064007376,0.654431659638,5.3944608286e-05
a_subj.35,0.681921955531,0.0145695145215,0.653122314726,0.672157306506,0.681902400124,0.691730030609,0.710595673835,6.85323453728e-05
a_subj.36,0.625312666051,0.0117447550653,0.602727516645,0.617328639606,0.625108057723,0.633140663056,0.648829740863,4.42377929254e-05
a_subj.37,0.648995002164,0.0125634045875,0.624832148098,0.640411421042,0.648791986178,0.657317612219,0.674393890159,5.92757643399e-05
a_subj.38,0.618370615021,0.0123714491129,0.59501114822,0.609926767667,0.61807234516,0.626426899986,0.643662704858,5.04202549717e-05
a_subj.39,0.619900482186,0.0120617456289,0.595674720678,0.611947526023,0.619945785411,0.628068736028,0.643479310762,5.72097416615e-05
a_subj.40,0.622563620925,0.0113639369656,0.600718658466,0.614815191722,0.622470922772,0.630165428929,0.645123555529,5.28203472633e-05
a_subj.41,0.649492387,0.0120749436812,0.626062606099,0.641312918441,0.649421276301,0.657506660444,0.673539176863,5.60031241057e-05
a_subj.42,0.63913735752,0.0136471715907,0.613756725398,0.629644640627,0.638711025247,0.648291691421,0.666828812769,6.29062285297e-05
a_subj.43,0.609052220006,0.012619241617,0.585164545585,0.600378841142,0.608700784168,0.617411538957,0.634495196838,6.13080690605e-05
a_subj.44,0.623703949741,0.0115996064376,0.601520892538,0.615792468664,0.623558196535,0.631397781269,0.646788960522,5.47563999835e-05
a_subj.45,0.620910445397,0.012289373032,0.59719340746,0.612533443101,0.620806079513,0.629124764542,0.645376850796,5.81397125575e-05
a_subj.46,0.629889756681,0.0114995266496,0.607739341472,0.622061542712,0.629753443009,0.637531929177,0.652885308167,4.91045151175e-05
a_subj.47,0.658730672901,0.0123756899308,0.634789966568,0.650364236425,0.658599711138,0.666970014603,0.683317445178,5.51902854143e-05
a_subj.48,0.674592162206,0.014944983898,0.646214754841,0.664341067182,0.674316864436,0.684414610945,0.704761445851,7.49743679485e-05
a_subj.49,0.664383761808,0.0125903946561,0.640330916582,0.655822492069,0.664200766561,0.672665912579,0.689941603956,5.56214594056e-05
a_subj.50,0.641742150301,0.0118436385069,0.618845482943,0.633679536914,0.641632303851,0.649698804642,0.665254617016,5.31526809887e-05
a_subj.51,0.643540764021,0.0128504726976,0.618871341073,0.634725916034,0.64350464849,0.652173541619,0.668753213137,5.91048969311e-05
a_subj.52,0.648473224832,0.0123618417437,0.624754726483,0.640060544115,0.648262381802,0.656668763491,0.673233435348,5.35307079269e-05
a_subj.53,0.655163709002,0.0131356709113,0.629984862155,0.646252023961,0.654977916405,0.664034907929,0.681252689334,5.55382085301e-05
a_subj.54,0.624508630727,0.0114764004806,0.602217928202,0.616635068235,0.624472735693,0.632216662936,0.647240298919,5.22309917755e-05
a_subj.55,0.65504215008,0.0121990735745,0.631570489452,0.64672528039,0.654886590865,0.663222802333,0.679258393078,5.66075487183e-05
a_subj.56,0.643547554083,0.0117545826701,0.620866657041,0.635517000228,0.643387910848,0.651447008878,0.666787856535,5.01319135802e-05
a_subj.57,0.627378710887,0.0119933582057,0.604282024404,0.619245776993,0.627260643926,0.63538958324,0.651377082837,5.92647776828e-05
a_subj.58,0.643308600691,0.0119436145904,0.620117194543,0.635216931867,0.643243215888,0.651263870762,0.666961927924,5.89625514479e-05
a_subj.59,0.608441334239,0.0128376590681,0.584078510203,0.599678009667,0.608050719973,0.616989854832,0.634486841092,6.12382903613e-05
a_subj.60,0.649344027995,0.0124037504184,0.625298133768,0.640928382147,0.649203852425,0.657536352993,0.673993688378,5.27869863681e-05
a_subj.61,0.679044832019,0.0187826032371,0.64387958072,0.666132651699,0.678574484675,0.691442779007,0.716986082424,8.61799277105e-05
a_subj.62,0.660007850421,0.0126325721381,0.635675321859,0.651374241756,0.659777489833,0.668423014772,0.685380250428,4.59456444769e-05
a_subj.63,0.596096725229,0.0116138037013,0.573857636024,0.588179846899,0.595868927113,0.603842362958,0.619319285335,5.69684553105e-05
a_subj.64,0.642352330969,0.0118999845751,0.619547957881,0.634270799601,0.642224915111,0.650327251029,0.666041749287,5.57743562502e-05
a_subj.65,0.603304733679,0.0114447121927,0.581508226618,0.595501794218,0.603065957464,0.610887373385,0.626298104795,4.88850826997e-05
a_subj.66,0.609541133295,0.011427613227,0.587534923202,0.601709676058,0.609422357282,0.617235534878,0.632190941105,5.45460545519e-05
a_subj.67,0.648404211516,0.0118573110672,0.625477293643,0.640376171953,0.648252111619,0.656241852928,0.67204975036,5.77160518924e-05
a_subj.68,0.632269328174,0.0125604343976,0.607422078256,0.623771541138,0.632353351332,0.640691621205,0.656772404925,5.72726376138e-05
a_subj.69,0.643679076641,0.012608389672,0.619678329232,0.635091993285,0.643453174614,0.65210501689,0.668892191677,5.46989933784e-05
a_subj.70,0.630362929814,0.0117862043269,0.607898159745,0.62233832024,0.630147643997,0.638160471672,0.653881016218,5.57385419883e-05
a_subj.71,0.617621198528,0.0117011456449,0.594999027045,0.609691066564,0.617491813075,0.625450070997,0.640934221327,5.24129591771e-05
a_subj.72,0.666231777477,0.0121485045156,0.64286292053,0.657971363964,0.666081852504,0.674326343909,0.690447785177,5.02450961652e-05
a_subj.73,0.642623614234,0.0119610741263,0.619578239063,0.634453649515,0.642503575598,0.650680275865,0.666282121339,5.29747789732e-05
a_subj.74,0.624986515055,0.0173177608815,0.592339929602,0.612230719505,0.625190378677,0.637690143205,0.657366764952,9.78977747641e-05
a_subj.75,0.635209130948,0.011812033359,0.612326937099,0.627140591641,0.635104807797,0.643050669611,0.658797553312,4.65520339715e-05
a_subj.76,0.647518297003,0.0126428081386,0.623088009183,0.638925034459,0.647412670846,0.65595998246,0.672685827434,5.92904896326e-05
a_subj.77,0.64357268953,0.0119537552038,0.620748877232,0.635438177184,0.643369921574,0.651456708262,0.667700697516,5.05686634637e-05
a_subj.78,0.621457665974,0.0115822319742,0.59899652296,0.613610547917,0.621355018588,0.629151884622,0.644491311611,5.55720077034e-05
a_subj.79,0.644759903856,0.012190345365,0.620926620397,0.636481258088,0.644730743837,0.652881231396,0.668860958867,5.53372872555e-05
a_subj.80,0.66685801024,0.0120680306337,0.643929681847,0.658611577365,0.666613748719,0.674888906639,0.69113565648,5.74093879915e-05
a_subj.81,0.700919439919,0.0163451131066,0.669923060402,0.68978273297,0.700500944606,0.711710465558,0.734059966741,7.8710679368e-05
a_subj.82,0.660935083781,0.0150195596909,0.631898010112,0.650780720957,0.660791830241,0.670933142989,0.6908138276,6.41032118141e-05
a_subj.83,0.612230667681,0.0119475793522,0.588926718826,0.604154627016,0.612163586876,0.620171677278,0.636108598033,5.59884441136e-05
a_subj.84,0.654577956339,0.0146956135399,0.626338675247,0.644570309621,0.654444795649,0.664284462609,0.683998885993,6.84279282487e-05
a_subj.85,0.622147866443,0.0127033322301,0.597640252993,0.613459540143,0.622002999391,0.630657537558,0.647476847775,5.88235835488e-05
a_subj.86,0.629624831015,0.0114691778615,0.607516530272,0.621888525279,0.629505728075,0.637203938268,0.652591262707,4.92865521787e-05
a_subj.87,0.626572210673,0.0123325620263,0.602238108045,0.618231864794,0.626622378945,0.634925272393,0.650750065261,4.68175676205e-05
a_subj.88,0.608434632651,0.0114356850354,0.586457661331,0.600705760933,0.608307023652,0.616036864706,0.631315552737,5.07791765901e-05
a_subj.89,0.626404649666,0.0115369351564,0.604255190638,0.618562761156,0.626296579806,0.634071883476,0.649431900468,5.24991440869e-05
a_subj.90,0.650098201486,0.0125671497606,0.626033774725,0.641468935121,0.649986101894,0.658546535845,0.675089295025,5.07184819392e-05
a_subj.91,0.626381272481,0.0121339851741,0.603201991055,0.618062014659,0.62619414732,0.634502022945,0.650577672165,5.72455859734e-05
a_subj.92,0.633666036204,0.0113328406355,0.611857084113,0.62595710722,0.633493524312,0.64125666605,0.656225122169,4.73905634128e-05
a_subj.93,0.633749894253,0.0117076229395,0.611093758011,0.625824216977,0.633631274442,0.641604723412,0.657039323302,5.22623336197e-05
a_subj.94,0.634841558601,0.0119956364372,0.611812226178,0.626721366836,0.634667694962,0.642837481159,0.658873128687,5.57516977346e-05
a_subj.95,0.614551737106,0.0114836875306,0.59235534834,0.606785247152,0.61444469974,0.622242345661,0.637350480241,5.06130986943e-05
a_subj.96,0.602033520078,0.0114916174121,0.57971404708,0.594201300412,0.601874793071,0.609699160014,0.624904585235,5.2927409296e-05
a_subj.97,0.585286207398,0.0132745704541,0.559398466106,0.57606229389,0.585396483544,0.594523542417,0.610936379771,7.02023328332e-05
a_subj.98,0.621617704536,0.0115841198994,0.599333464491,0.613794875254,0.621477531705,0.629368734939,0.644591905315,4.87570250303e-05
a_subj.99,0.625482139191,0.0121980718596,0.602162435911,0.617065822442,0.62523659154,0.633596463577,0.649934321709,5.1432659456e-05
a_subj.100,0.629462086123,0.0138064890201,0.602418335893,0.619984576465,0.629551151534,0.639109794731,0.655912884474,6.23020624795e-05
a_subj.101,0.65024015934,0.012812443081,0.625397296804,0.641552418893,0.650194891086,0.658799720681,0.67571821164,6.32712870526e-05
a_subj.102,0.633712657841,0.0121503874961,0.609933917051,0.625473523142,0.633601558127,0.641911042392,0.657740561756,5.24144706987e-05
a_subj.103,0.62996174949,0.0113225038749,0.607817879467,0.622314390672,0.629870841569,0.637500940904,0.652503481895,4.81871501657e-05
a_subj.104,0.628095410254,0.0122918421263,0.604409496274,0.619773831499,0.628006276189,0.636290423863,0.652443435659,5.55294608849e-05
a_subj.105,0.653679855257,0.0120812712912,0.630428592773,0.645463445539,0.653459569674,0.661673565042,0.677899819027,5.13997783657e-05
a_subj.106,0.653747642126,0.0150029621601,0.6244636545,0.643614138039,0.653647257428,0.663875486092,0.683101407529,6.52621876992e-05
a_subj.107,0.666719390467,0.0148752008378,0.638291112938,0.656598318266,0.666587062364,0.676523095386,0.696621615486,6.62449769211e-05
a_subj.108,0.646729732177,0.0119033147891,0.623915416526,0.638644142793,0.646600333883,0.654626145289,0.670558957804,4.9411684358e-05
a_subj.109,0.641900584675,0.0122222624875,0.618199645057,0.633626290215,0.641769213197,0.650099001803,0.666203766138,6.10676590801e-05
a_subj.110,0.634823822983,0.011617584798,0.612580690882,0.626925293725,0.634698722904,0.642546705305,0.658095598912,5.44810299233e-05
a_subj.111,0.666166975216,0.0131140338313,0.640998789274,0.65724440742,0.66607535995,0.674928014712,0.69223324142,5.72987066057e-05
a_subj.112,0.608599071339,0.0125638834824,0.583654422319,0.600081840793,0.608773410972,0.6170998074,0.632859384948,5.53840965987e-05
a_subj.113,0.620784761125,0.0120714436337,0.597338706612,0.612628853477,0.620726274326,0.628855717301,0.644829934042,5.885434468e-05
a_subj.114,0.641918035699,0.0117827838096,0.619344359169,0.633883326603,0.641819109169,0.649750389648,0.665198280388,5.70984210479e-05
a_subj.115,0.646142030243,0.0120020999522,0.622965913331,0.638041053243,0.646046138502,0.654146965315,0.670038275631,5.99880135172e-05
a_subj.116,0.655119437134,0.0119572406342,0.632063640572,0.646969727202,0.65497050124,0.66307715623,0.679103641199,5.77685974765e-05
a_subj.117,0.621673260229,0.0124036054292,0.597811746312,0.613190586427,0.621530816057,0.630026396736,0.646236199736,5.77342729381e-05
a_subj.118,0.660355315307,0.0136726494329,0.634377824115,0.650956207605,0.660141262782,0.669559515616,0.687617893409,6.3613500172e-05
a_subj.119,0.613392811903,0.0116528301599,0.590946945229,0.605493570824,0.613249750481,0.621166981237,0.636583646323,4.75897638155e-05
a_subj.120,0.6186477337,0.0121155717983,0.595384618611,0.610321768143,0.618522689477,0.626800586567,0.642862387493,5.69620809815e-05
a_subj.121,0.668301220938,0.0131689055417,0.64282863187,0.659363045131,0.668077975651,0.677055470847,0.694590825264,5.86198038602e-05
a_subj.122,0.628721483727,0.0131056897912,0.60296112811,0.619916540094,0.6287415442,0.637573455061,0.654200030065,5.47741791188e-05
a_subj.123,0.63372925151,0.0119904096699,0.610991374005,0.625469392624,0.633504680812,0.641695354084,0.657840933869,5.23238380036e-05
a_subj.124,0.642435776499,0.0124336117558,0.61828697878,0.63398810608,0.642343665792,0.650791608908,0.667062205901,5.82434072774e-05
a_subj.125,0.693508392645,0.0126057092397,0.669415974664,0.68486093105,0.693346602425,0.701922836004,0.718926828095,5.71376572045e-05
a_subj.126,0.624509891019,0.0140061598729,0.598460851661,0.614626802815,0.623911437462,0.633854202813,0.653054086456,6.86504313352e-05
a_subj.127,0.625716260747,0.0116226287403,0.603256464988,0.617830349905,0.625588220057,0.633462501938,0.648877936234,4.67224453765e-05
a_subj.128,0.656596867829,0.0122507058782,0.632317047714,0.648433062817,0.6566751729,0.664773442834,0.680444369044,5.68281716571e-05
a_subj.129,0.642924057316,0.0125603160123,0.618812329408,0.634380811951,0.64278930407,0.651322747661,0.66808018891,5.70457904994e-05
a_subj.130,0.646105411477,0.0119816171106,0.623071220788,0.637933636227,0.645922424512,0.654090844634,0.670090985585,5.26515523845e-05
a_subj.131,0.648799121158,0.0118545533677,0.625814766128,0.640788935867,0.648640757552,0.656692859576,0.672287441785,5.15164852463e-05
a_subj.132,0.675281768032,0.0132087919869,0.649990671716,0.666342643882,0.675080792867,0.684089018486,0.701910643781,6.06495432775e-05
a_subj.133,0.628651458429,0.0114828472082,0.606503981887,0.620806248968,0.628540886581,0.636289081699,0.6517830854,5.47900811751e-05
a_subj.134,0.628410679129,0.011876284391,0.60535795411,0.62030309819,0.628333465493,0.636368366605,0.652067759423,4.70124565401e-05
a_subj.135,0.663535430012,0.0119746060708,0.640538910474,0.655352838963,0.663462165457,0.671570381376,0.687353683977,5.99496261067e-05
a_subj.136,0.652025104778,0.0118790711588,0.629107333456,0.64393722285,0.651956750248,0.659998104254,0.675479832871,4.910738552e-05
a_subj.137,0.614216643832,0.0114191975745,0.592368148268,0.606436618015,0.614083002474,0.62185332095,0.636941114449,4.63122418754e-05
a_subj.138,0.625091333625,0.0121064204471,0.601621118329,0.616893005864,0.624992718625,0.633245519406,0.649090822922,5.11883090334e-05
a_subj.139,0.634665849069,0.0122136875543,0.61091061404,0.626359666861,0.634518808931,0.642862647169,0.658605541836,5.16674403325e-05
a_subj.140,0.702132332048,0.0153626222286,0.672871681242,0.691626994011,0.70186609214,0.712313936684,0.733169464892,6.02831861727e-05
a_subj.141,0.596792627139,0.012698931433,0.572569630237,0.588060566502,0.596614336309,0.605243954877,0.622320639128,6.1557165945e-05
a_subj.142,0.632855785334,0.0115159450951,0.610541516952,0.625067045855,0.632782234194,0.640518747402,0.655942945907,4.53294620806e-05
a_subj.143,0.651228679848,0.0127666877432,0.626651470555,0.642495971888,0.651094130086,0.659746147764,0.67678440572,6.19140902558e-05
a_subj.144,0.656132648599,0.0120338764772,0.632876407089,0.647964677435,0.65597234464,0.664194303914,0.680027769366,5.350051389e-05
a_subj.145,0.626747404006,0.0121866472953,0.603637323594,0.618365892503,0.626427819895,0.634822747255,0.65125532785,5.94948750407e-05
a_subj.146,0.636267844347,0.0130747894251,0.61109676241,0.627352293287,0.6362043373,0.644984959792,0.662408285742,5.61989935918e-05
a_subj.147,0.629190218967,0.0131184789869,0.60387550462,0.620305689847,0.629045469459,0.637857346805,0.655513957283,6.37926962697e-05
a_subj.148,0.652677459215,0.0133133010614,0.626870048814,0.643692327743,0.652533850288,0.661654760427,0.678888311982,5.9205584433e-05
a_subj.149,0.664630537051,0.0145547735001,0.636784930056,0.654803469037,0.664402348963,0.674219623118,0.694037217686,7.62615564856e-05
a_subj.150,0.657893779962,0.0120109927358,0.634678719661,0.649731237583,0.657740378147,0.665937525291,0.681983189718,5.44313667682e-05
a_subj.151,0.662371901832,0.0121379249985,0.638972557305,0.654085337326,0.662219915024,0.670470220237,0.686627105056,5.01682176821e-05
a_subj.152,0.668673927048,0.012960835569,0.643322076258,0.659942151785,0.668668488029,0.677371974517,0.694278716145,6.61161467482e-05
a_subj.153,0.645871075919,0.0128101963866,0.620942568125,0.637193986125,0.64583306457,0.654455788235,0.671196855216,6.02550476773e-05
a_subj.154,0.632777246483,0.0128860342778,0.607753816,0.623975727207,0.632788111407,0.641393455062,0.658234302947,5.63402221547e-05
a_subj.155,0.617164117399,0.0111447764407,0.595627029312,0.609583425115,0.617020885452,0.624599439395,0.639494729952,5.20037568733e-05
a_subj.156,0.637667860052,0.0117064301763,0.61516324984,0.629646902074,0.637524957818,0.645445064482,0.661183787286,5.37087026157e-05
a_subj.157,0.632823634299,0.0122290205712,0.608704724385,0.62462702163,0.632749940275,0.641018455138,0.656890215574,5.47289438076e-05
a_subj.158,0.626518256516,0.0115220693959,0.604304546363,0.61875267156,0.626337212624,0.634159005159,0.649433451231,5.23197509426e-05
a_subj.159,0.663191012929,0.0154016207323,0.63371474574,0.652555414441,0.66291560755,0.673511531184,0.69430163875,7.42256853034e-05
a_subj.160,0.636736214789,0.0130059347269,0.611552328114,0.627905261624,0.636614160463,0.6454648967,0.662382983318,6.21763093236e-05
a_subj.161,0.627871945752,0.0113413033633,0.605877783023,0.620225599222,0.627785557597,0.635392762772,0.650321633191,5.97482641313e-05
a_subj.162,0.660064744713,0.0134004205432,0.634322321381,0.650934660596,0.659888781474,0.669034636099,0.686777347287,5.66301962455e-05
a_subj.163,0.618522439015,0.0119445277744,0.595649275377,0.61030913016,0.61837003003,0.626526268816,0.642319629477,5.19275423661e-05
a_subj.164,0.632647225922,0.0134005758348,0.606699997048,0.623603053894,0.632495179309,0.641599266866,0.65931151125,5.44147390941e-05
a_subj.165,0.631258346677,0.0122064566162,0.607750497636,0.622912669981,0.631197949984,0.639428648939,0.655629924202,5.02929722316e-05
a_subj.166,0.606870845985,0.0111898740861,0.585256089721,0.599293959154,0.60677050226,0.614347824173,0.629286093236,4.99692249438e-05
a_subj.167,0.638097534093,0.0117110268514,0.615560359916,0.630242351831,0.63788598271,0.645927481985,0.661504838305,5.58524063076e-05
a_subj.168,0.632388358718,0.0119538169037,0.609003022532,0.624346838299,0.632372386683,0.640425015925,0.655820661367,5.62068331859e-05
a_subj.169,0.626286226852,0.0116640686769,0.603940131958,0.618348518695,0.626122145348,0.634131094655,0.649625367354,4.97517730971e-05
a_subj.170,0.627775450717,0.0120444028441,0.604382259345,0.619652991498,0.627781032102,0.635789492015,0.651578015994,5.05721249486e-05
a_subj.171,0.650804780024,0.0119290888153,0.627778058909,0.64265703707,0.650685411475,0.658824834457,0.674153737335,5.42617155441e-05
a_subj.172,0.625196435397,0.0132431462566,0.599529474654,0.616270093416,0.625100188997,0.634092942429,0.65134714814,5.03429638862e-05
a_subj.173,0.643502936064,0.0116758582515,0.620932336007,0.635613636288,0.64336783245,0.651266403207,0.666942329154,5.6707839633e-05
a_subj.174,0.662899568415,0.0156740063893,0.632435387368,0.652243822287,0.662816307249,0.67336621443,0.693970241534,7.49832088429e-05
a_subj.175,0.648785114219,0.0115950386427,0.626243050495,0.640903021587,0.648662780787,0.656530193886,0.671867661866,5.39065363822e-05
a_subj.176,0.635131667237,0.0116720236759,0.612626902731,0.627199283065,0.635030492771,0.642941490363,0.658418919369,5.16423176804e-05
a_subj.177,0.626018106543,0.0137738970381,0.598829229411,0.616771329005,0.626157651809,0.635326094939,0.652685820708,5.8745455615e-05
a_subj.178,0.630588428392,0.0124124787184,0.606693001505,0.622129987056,0.630419259786,0.638906085657,0.655258423807,5.94904036874e-05
a_subj.179,0.646454464006,0.0119683362726,0.623466708458,0.638342459778,0.646260337521,0.654397363658,0.670405262304,6.03220286623e-05
a_subj.180,0.651979425082,0.0125651754212,0.627911721409,0.643445116962,0.651782277568,0.660376974496,0.676980844643,5.85293649705e-05
a_subj.181,0.654014738525,0.0144077944647,0.626383609054,0.644037550491,0.653852251103,0.663758091069,0.682627782066,6.25766729562e-05
a_subj.182,0.664267254178,0.0140515728405,0.636932114567,0.65478140847,0.664151892163,0.673676637486,0.692157034867,5.41391219561e-05
a_subj.183,0.677648585966,0.0123600973229,0.653989326817,0.669134142061,0.677448009302,0.685938251609,0.702416457332,6.29499181053e-05
a_subj.184,0.644797341141,0.0124219546028,0.62078831622,0.636376217809,0.644644111964,0.653068831512,0.669752543521,5.90148511887e-05
a_subj.185,0.637487107673,0.0114234074439,0.615384580712,0.629739445411,0.637443979113,0.645084359514,0.660116991188,5.07630583396e-05
a_subj.186,0.612269005502,0.0128575095318,0.585831168829,0.603834405413,0.61267026738,0.62104268531,0.636681670739,5.85080336546e-05
a_subj.187,0.650816705171,0.0130901211832,0.625607978262,0.641887957346,0.650705853715,0.65946159794,0.676881069654,6.10862947393e-05
a_subj.188,0.652757755599,0.0121547687547,0.629316572199,0.644473385291,0.652675775828,0.660853616337,0.676889120874,5.91270029056e-05
a_subj.189,0.638061694937,0.011701112497,0.615468368534,0.630120889953,0.637972227333,0.645920501407,0.661247949086,5.03807626621e-05
a_subj.190,0.628133749297,0.0120831780037,0.604827583267,0.619793839219,0.627953391226,0.63623616874,0.652158351591,5.57102565144e-05
a_subj.191,0.607541954724,0.0139252933363,0.581909164565,0.597694848184,0.606929997369,0.616854077595,0.635673060238,7.17322658046e-05
a_subj.192,0.674066753246,0.0139569292562,0.647565449055,0.664515310015,0.673885933491,0.683235831383,0.702157222869,6.48655352849e-05
a_subj.193,0.641367973549,0.0123932656126,0.617477364844,0.632953077467,0.641243483142,0.649626009582,0.666107239934,5.92128790154e-05
a_subj.194,0.613898588062,0.0134439063627,0.587343337554,0.604808905681,0.614000127902,0.623032449171,0.639988819015,6.47732769875e-05
a_subj.195,0.665234273249,0.0123472876849,0.641461149236,0.656814443067,0.665069990469,0.673493878563,0.689804195621,6.32002133576e-05
a_subj.196,0.650153795785,0.0118613231572,0.627455853262,0.642082160403,0.65003921474,0.658026442216,0.673967914394,5.8911894761e-05
a_subj.197,0.611102781512,0.0113673099951,0.589206786459,0.603347770911,0.610982590568,0.618690852437,0.633521610027,4.5769667485e-05
a_subj.198,0.600345357412,0.0117409741589,0.577571673959,0.592340259109,0.600231097858,0.60820923522,0.623731145715,4.72211763581e-05
a_subj.199,0.642627383051,0.012865914343,0.617438253161,0.633935454097,0.642546469091,0.651190140327,0.667936037893,5.38798639432e-05
v,-0.0861791086527,0.118036863463,-0.319567736299,-0.16559474327,-0.0859729842823,-0.00609747563711,0.143917651463,0.000513920293888
v_std,1.66238487517,0.0849182166334,1.50652117131,1.60320016997,1.65869038589,1.716911401,1.83916465769,0.000314425628337
v_subj.0,0.73144305744,0.140529509381,0.456418198577,0.637696286179,0.730619479407,0.825710883435,1.00825840887,0.000584866455154
v_subj.1,-1.65646518194,0.148116329599,-1.95030451589,-1.75613187214,-1.65604134386,-1.55577180545,-1.36789253311,0.000672545075681
v_subj.2,-1.56204940373,0.149143352901,-1.85807809288,-1.66113189364,-1.56162114515,-1.46149840866,-1.27288551848,0.000601598642683
v_subj.3,0.231781531118,0.142368798863,-0.0461935853562,0.135843925182,0.231824535711,0.327771200373,0.511025056223,0.000599118163052
v_subj.4,2.79252870683,0.170958046539,2.45954691634,2.67748204357,2.79180772923,2.90767866776,3.12890022171,0.000763276745186
v_subj.5,-2.73544217698,0.165050786002,-3.06091557488,-2.84657475928,-2.73513135225,-2.62455783333,-2.41366682882,0.000730027197923
v_subj.6,2.63275187641,0.162841195982,2.31700511834,2.52282804836,2.63212785292,2.74245240756,2.95241268216,0.000724362258004
v_subj.7,0.404991921509,0.146154816163,0.1189006294,0.30654198181,0.405457797765,0.502992385298,0.69311927353,0.000666426679025
v_subj.8,-0.961867076363,0.149658358162,-1.25608603802,-1.06275517461,-0.961380828979,-0.859941663847,-0.67156298404,0.000706277609462
v_subj.9,-0.349392849122,0.147736735838,-0.63781141226,-0.448178962516,-0.349524154315,-0.2493260402,-0.0600969781882,0.00067212888181
v_subj.10,-3.1492124347,0.169122352555,-3.48228718008,-3.26275595232,-3.14904658853,-3.03562739398,-2.81708739833,0.000709554833082
v_subj.11,2.29062245095,0.157230630491,1.98082788763,2.18418365281,2.29053963563,2.39692754831,2.59781598677,0.000725324670954
v_subj.12,1.76191039544,0.153920865627,1.46219881539,1.65743664651,1.76181495483,1.8661716757,2.06270718848,0.000792790016393
v_subj.13,-0.801618834985,0.151527402272,-1.10006749065,-0.903659578346,-0.80178438237,-0.699288398649,-0.503495580714,0.0006829160773
v_subj.14,-1.38694171759,0.149048020885,-1.68010069125,-1.48750656893,-1.38713456924,-1.28581670695,-1.09566847358,0.000618221301127
v_subj.15,-0.372363979166,0.142945709183,-0.653409493008,-0.468789444143,-0.371805533016,-0.275785198405,-0.0926475126508,0.000604331959885
v_subj.16,-0.258503670293,0.146911092658,-0.546477293993,-0.35814377635,-0.259105526375,-0.158578359692,0.0289321063128,0.000668549433213
v_subj.17,-1.42653807675,0.143926049033,-1.7082845859,-1.52203845951,-1.42653712636,-1.33021196536,-1.14400955282,0.000589820374296
v_subj.18,-0.375238200282,0.148244177098,-0.666831526621,-0.475441591308,-0.374887577874,-0.275475177369,-0.0864252835124,0.000727170203902
v_subj.19,1.45385647918,0.150668909691,1.15821989248,1.35117469899,1.45347942994,1.55529572279,1.75072558182,0.000696962110303
v_subj.20,0.97047441464,0.150302456229,0.675427981134,0.868982343248,0.970471239747,1.07252935501,1.26375915714,0.000635154933648
v_subj.21,-2.86921391419,0.166395254292,-3.19646521002,-2.98146222779,-2.86906288654,-2.75633331056,-2.54435927763,0.000681331024412
v_subj.22,1.28220648156,0.150555319948,0.98884238393,1.17986434335,1.28233692325,1.38352437432,1.5759442499,0.000711348355436
v_subj.23,-0.0185319490336,0.144606835289,-0.303967413014,-0.11557186628,-0.0186558508251,0.0778674803632,0.266305935976,0.000725009001089
v_subj.24,-1.53329435123,0.148952505047,-1.82330825954,-1.63392258746,-1.53392283985,-1.43163530531,-1.24065231119,0.000635398162864
v_subj.25,1.91666135124,0.156315497971,1.61322166025,1.81006864228,1.91655296767,2.0213775321,2.22579256998,0.00065193505129
v_subj.26,3.58976743225,0.187980389459,3.22514659159,3.46257778152,3.58835876065,3.71616905482,3.95927077138,0.000878799721078
v_subj.27,0.591690622966,0.141627592127,0.314685072644,0.496595456003,0.591981498309,0.687162817401,0.869003180073,0.000667013123876
v_subj.28,-1.62832998145,0.148010948084,-1.91710912609,-1.727743481,-1.62863134072,-1.52801009368,-1.33765924124,0.000543854737361
v_subj.29,0.279177586934,0.139371365822,0.00337235979203,0.185830229289,0.279094399901,0.373550825676,0.553279700107,0.000580659869943
v_subj.30,-1.81716830156,0.148541319238,-2.10913361852,-1.91666551713,-1.81729404287,-1.71770432477,-1.52573625968,0.000769113465859
v_subj.31,-0.238243156864,0.137736450575,-0.510377347604,-0.330485465608,-0.238291375446,-0.145866690081,0.0305021365358,0.00065237777068
v_subj.32,-0.281744697624,0.148456647614,-0.572473944422,-0.381228118632,-0.281901562892,-0.181867093066,0.00929546341386,0.000621372836873
v_subj.33,-1.21056025889,0.155718994681,-1.51650950551,-1.31530298606,-1.21004127844,-1.10482705684,-0.907964341251,0.000682984440934
v_subj.34,0.446968468215,0.145925494049,0.160751005043,0.348344144194,0.44677191298,0.545708020212,0.73324619061,0.000632173754064
v_subj.35,-2.09022718246,0.150340967553,-2.38552491246,-2.19134707787,-2.09021048777,-1.98862374507,-1.79613481688,0.000712165384573
v_subj.36,-1.45310712352,0.154585718369,-1.75774096895,-1.55686740691,-1.45306912215,-1.34882318251,-1.15096108544,0.000667632496485
v_subj.37,-1.77330547365,0.150638026016,-2.06898386667,-1.87448995888,-1.77335833021,-1.67251476143,-1.4801360569,0.000572394928627
v_subj.38,0.229938563177,0.150449476313,-0.0625922382148,0.12869260555,0.229637529382,0.331768476637,0.524533612655,0.000743400144361
v_subj.39,1.18332803757,0.154675555551,0.879628735012,1.07877320001,1.18312029075,1.28808665892,1.48585368222,0.000773700523182
v_subj.40,0.291517778417,0.148028735107,-0.000740742183332,0.192451597276,0.29141979989,0.392002929867,0.580556500896,0.000686719826441
v_subj.41,-1.46932312522,0.1478046507,-1.75768378843,-1.56980121258,-1.46960772573,-1.36907943187,-1.18184596282,0.000679534400197
v_subj.42,0.542494054046,0.143939966149,0.260587060878,0.445669049021,0.542494020469,0.639454311133,0.825545496947,0.000621314033032
v_subj.43,-1.46883723998,0.16000245107,-1.78381775308,-1.57600842593,-1.46868944146,-1.36081210675,-1.15651868415,0.000731416515735
v_subj.44,0.591334279817,0.150625029691,0.297318966174,0.489309722582,0.5918178706,0.693193037312,0.886807277757,0.000665946825714
v_subj.45,-2.13969125903,0.163497483391,-2.45892792255,-2.25070060649,-2.14021552241,-2.02897454145,-1.81951456273,0.000791848814119
v_subj.46,-1.041703016,0.148993366375,-1.33590379655,-1.14172869585,-1.0416988744,-0.940214542659,-0.750257278848,0.000589137849731
v_subj.47,1.6494396272,0.148616664312,1.35959548941,1.54833842016,1.64956790387,1.74990685623,1.94060867069,0.00059307564113
v_subj.48,-3.69168018148,0.181674319551,-4.04926959397,-3.8148747394,-3.6915546171,-3.56980758566,-3.33710627619,0.000783537942583
v_subj.49,1.82620261241,0.149107006576,1.53669012373,1.72455632705,1.82534042102,1.92672743193,2.12223209416,0.000660203053297
v_subj.50,0.94200114901,0.146899032749,0.655067578968,0.841771444733,0.942352323473,1.04238869553,1.22672461538,0.000728696885211
v_subj.51,-0.420346821582,0.141909463227,-0.6979432539,-0.516216308912,-0.420339635492,-0.324730078606,-0.143677456994,0.000611770896489
v_subj.52,1.02590360419,0.143575242897,0.743780497552,0.928613957869,1.02634575904,1.12360004756,1.30583340755,0.000610919782428
v_subj.53,-1.33162692488,0.145637190218,-1.61965349748,-1.42865022742,-1.33134849731,-1.23270454159,-1.04775714893,0.00069335402236
v_subj.54,1.02059124565,0.151819427515,0.722558951375,0.918443272006,1.02040723587,1.12363111541,1.3185422534,0.000743781727019
v_subj.55,-1.42533899325,0.146423245037,-1.71491993948,-1.52385715699,-1.42456827164,-1.32707274374,-1.13933861469,0.000693914205635
v_subj.56,-1.18068493674,0.147313641448,-1.4715072941,-1.27945029395,-1.18049770236,-1.08109623667,-0.894133525155,0.000654804981785
v_subj.57,-2.08598357406,0.161057201457,-2.40136409685,-2.19436731887,-2.08635989728,-1.97611109286,-1.77232415588,0.000684472315588
v_subj.58,-0.0369395135466,0.142998327359,-0.314149352498,-0.133910392421,-0.0370234891704,0.0596037240922,0.243990850259,0.000636367077287
v_subj.59,1.33884785484,0.158039429234,1.02998062828,1.23238299588,1.3389264991,1.44529157435,1.64775044358,0.000789007255188
v_subj.60,-1.5610121242,0.149555206134,-1.85741413461,-1.66124984379,-1.56089400744,-1.46032199901,-1.26846103893,0.000786912830416
v_subj.61,6.09603092496,0.245106517755,5.61887095,5.93056530547,6.09441645806,6.26031678228,6.58136815251,0.00115120108975
v_subj.62,1.88270865621,0.150300844414,1.58596188264,1.78180297507,1.88262273136,1.98385340287,2.17709882845,0.000671823702396
v_subj.63,0.205149253538,0.155728656675,-0.0976011470181,0.100600027029,0.205106075705,0.310711340709,0.511413338838,0.000745208907025
v_subj.64,0.344289567717,0.14128312522,0.0665337086073,0.2497506201,0.343988168842,0.439993536537,0.619004795294,0.000653608617366
v_subj.65,-0.440207924184,0.155551581491,-0.744698025654,-0.545235154906,-0.441225787785,-0.335459637509,-0.135951128694,0.000660860901698
v_subj.66,-1.1727643487,0.157615939979,-1.48207259742,-1.27856895624,-1.17238581684,-1.06628722307,-0.86593750888,0.000633591095579
v_subj.67,-1.20221872595,0.144788511561,-1.48689559764,-1.29893228789,-1.20211749598,-1.10433338607,-0.920641123776,0.000594031876571
v_subj.68,-0.0948546985682,0.144986038349,-0.377597345535,-0.19263856717,-0.0953901659166,0.00297586354612,0.189253680508,0.000669593923583
v_subj.69,-2.10691334928,0.15719103031,-2.41642951589,-2.21266511275,-2.10613772132,-2.00120935098,-1.79982144268,0.000736750504935
v_subj.70,-0.771039847945,0.147961991533,-1.06023535561,-0.870603864178,-0.771099064147,-0.67185131736,-0.48074275654,0.000644571528054
v_subj.71,0.988279580794,0.15183423101,0.691708241363,0.885942862327,0.987937585663,1.09069735512,1.28548717815,0.000693038131446
v_subj.72,-0.811428798939,0.138223640975,-1.08425451047,-0.904602827738,-0.811205305617,-0.71785628859,-0.540355633127,0.000563632489396
v_subj.73,0.242169480083,0.142256150367,-0.0372710149704,0.146196060041,0.24074284899,0.337493700614,0.523383709213,0.000643813467613
v_subj.74,1.95997266876,0.165508697413,1.637343283,1.84864970374,1.95925632055,2.07120064711,2.28911938042,0.000753876513021
v_subj.75,-1.18316696017,0.148871603091,-1.47801324229,-1.28335217547,-1.18251747038,-1.08261836731,-0.893583928409,0.00070754134314
v_subj.76,1.41087683717,0.148043201298,1.12163730809,1.31140247962,1.41025017704,1.50967660947,1.7034634577,0.000717219275058
v_subj.77,-0.665695667369,0.145053457986,-0.949678771086,-0.76381989619,-0.665741691061,-0.56835793778,-0.382797582101,0.000626593594999
v_subj.78,-0.890385473622,0.15094841097,-1.18505553747,-0.992285929694,-0.890328359672,-0.788662546185,-0.5931994158,0.000652323147938
v_subj.79,0.695251126908,0.143285566087,0.412965884538,0.599607932028,0.694653354915,0.790430813224,0.978058676533,0.000680697163964
v_subj.80,-0.74967841509,0.139027686281,-1.02105299896,-0.843892858866,-0.749214487037,-0.655643213104,-0.477321285612,0.000671984214282
v_subj.81,4.08766002796,0.186674069976,3.72465902287,3.96148946702,4.08774451376,4.21314122957,4.45302124031,0.000850536599531
v_subj.82,3.68154316987,0.185198140801,3.32179637875,3.55576679352,3.68133452558,3.80589789409,4.0468974678,0.000830586483934
v_subj.83,-0.862021797817,0.152248736208,-1.15884030599,-0.964880185669,-0.863053415254,-0.759640964746,-0.562108691748,0.000771381049906
v_subj.84,-3.88841188909,0.190025564609,-4.26483903352,-4.01696457561,-3.888233354,-3.75989777637,-3.51880544655,0.000749748300185
v_subj.85,-2.47684266687,0.168117239882,-2.80848931088,-2.58994432516,-2.47715590068,-2.36324491993,-2.14926182602,0.000746626497316
v_subj.86,0.664919419058,0.146542178488,0.377764296896,0.566224679031,0.66413631903,0.763912442104,0.951897905271,0.000487047738455
v_subj.87,-0.98013662996,0.148664924108,-1.27214492244,-1.08019817868,-0.979373448502,-0.878958349159,-0.690869734323,0.0006953087507
v_subj.88,-0.170977014713,0.153114207958,-0.471532691091,-0.274407640256,-0.170684539206,-0.0669582765616,0.129623689368,0.000663815442339
v_subj.89,0.625684154249,0.148185110695,0.333427642655,0.526081366942,0.625807212985,0.724802989091,0.916256207331,0.000662896801331
v_subj.90,-1.67443303536,0.15041280985,-1.9708623373,-1.77564337996,-1.67398396748,-1.57273588674,-1.38100200508,0.000670474088246
v_subj.91,-1.78047087649,0.156671220874,-2.08895810136,-1.88614420275,-1.77973053988,-1.67451999173,-1.47453354657,0.000802308353877
v_subj.92,-0.400171354237,0.145615254272,-0.685332516521,-0.498730161949,-0.400128745369,-0.301667926855,-0.114732477028,0.000708028296709
v_subj.93,-0.393680942732,0.145749536166,-0.678743931638,-0.492108369143,-0.392844106767,-0.295436420616,-0.106747916858,0.000655888236419
v_subj.94,1.57052835638,0.153771413174,1.2687072814,1.46623304827,1.57052246939,1.67386215689,1.87210869302,0.000689686551362
v_subj.95,-0.674615001017,0.151329660232,-0.9699919409,-0.777608049163,-0.675009146958,-0.571355957378,-0.379046721842,0.000692391117925
v_subj.96,-1.14781173943,0.158564976107,-1.46120454052,-1.25390177416,-1.14666129538,-1.04101361168,-0.839499723232,0.000706440869355
v_subj.97,0.985278548211,0.162874525007,0.665611856263,0.875244607391,0.98492669756,1.09565499616,1.30398370139,0.000743380246859
v_subj.98,-0.800545902016,0.151284774112,-1.09774424499,-0.903131457725,-0.800906282248,-0.698793292542,-0.503644771349,0.00069223433055
v_subj.99,-0.530263938376,0.149064808921,-0.827296859823,-0.630211308731,-0.529617915048,-0.430085049266,-0.239291759588,0.000743778375849
v_subj.100,-0.4720948335,0.147891048372,-0.759280265686,-0.572628348139,-0.472511438163,-0.372147846456,-0.181837214257,0.000702223537522
v_subj.101,2.29259966422,0.15721741482,1.98350599051,2.18641694473,2.2927609723,2.39949945154,2.60170617749,0.000667067297678
v_subj.102,-0.953564503082,0.147106456288,-1.24179552084,-1.05291017286,-0.953274539219,-0.854036922056,-0.66258651983,0.000711623378458
v_subj.103,0.0757632696954,0.145487294525,-0.208292840062,-0.0234242031176,0.0754850432525,0.173301324292,0.359784341961,0.000633471127081
v_subj.104,-1.29175061032,0.152239458379,-1.58748978073,-1.39555149523,-1.29163805339,-1.18953493215,-0.991551014344,0.000725073046332
v_subj.105,-0.876964894616,0.142232309179,-1.15336568245,-0.973342040875,-0.877040171946,-0.780181268124,-0.596588054992,0.000570651522425
v_subj.106,3.52389009205,0.18320996073,3.16608249035,3.40010952687,3.52449940477,3.64589215417,3.88726195972,0.000845127016084
v_subj.107,-3.61566813538,0.179826345966,-3.96810063304,-3.73693335226,-3.61538065608,-3.49444739723,-3.26267584055,0.000838644185651
v_subj.108,0.645876719113,0.143198378318,0.366632925286,0.549479696181,0.645216797048,0.742731569628,0.928923388935,0.000662277017412
v_subj.109,1.58133169912,0.151203781395,1.28572952741,1.47899338416,1.58244231446,1.68310348849,1.87688963984,0.000692005433078
v_subj.110,0.256419242183,0.145270747327,-0.0298182284485,0.158319647066,0.255979420897,0.353936786366,0.54028694039,0.00075361570738
v_subj.111,2.26745145637,0.154699612757,1.96554036336,2.16320408954,2.26709240303,2.3712499946,2.57528704553,0.000624208334391
v_subj.112,-0.818905062428,0.155340138381,-1.12249734462,-0.92463475685,-0.818976773442,-0.713351735231,-0.514844450896,0.000718695296032
v_subj.113,-1.90050882525,0.160829133343,-2.21359039659,-2.00896883169,-1.90142692951,-1.7920974954,-1.58062552562,0.000715730578922
v_subj.114,0.0293375580066,0.142822217193,-0.250488349375,-0.0669219077606,0.0298236556111,0.126250625726,0.3080823878,0.000638001448454
v_subj.115,-1.12728621604,0.146486366773,-1.41617904826,-1.22617716184,-1.12710819522,-1.0278498107,-0.841374168659,0.000645295454994
v_subj.116,1.00094351457,0.141322470785,0.72555527191,0.905397686889,1.00076495853,1.09639838809,1.27785137252,0.000623504952231
v_subj.117,0.699260139073,0.148879182737,0.407942404173,0.598314484567,0.699249767285,0.799916829757,0.991589036847,0.000779314700437
v_subj.118,-1.63650186729,0.147049262292,-1.92432867386,-1.7355105784,-1.63631861275,-1.53691647216,-1.34778050011,0.00068601223059
v_subj.119,0.978024948492,0.152825224434,0.678956569627,0.875723966947,0.978448228571,1.08044665384,1.27903196479,0.000625675133103
v_subj.120,0.592622137491,0.15022761447,0.296251015988,0.491817036874,0.593176302373,0.693674413058,0.885262687218,0.000708883797549
v_subj.121,-2.34352596341,0.156620011755,-2.64865194536,-2.44900952245,-2.34346651157,-2.23824868219,-2.03829253717,0.000761082730443
v_subj.122,1.2972554876,0.152865551328,0.999532018857,1.19287741478,1.2971286719,1.40088172524,1.59744063351,0.000714749912225
v_subj.123,-0.110282439008,0.144823792399,-0.393822748223,-0.208397653544,-0.110367045997,-0.0119488719729,0.172883208338,0.000656028088362
v_subj.124,1.85202124225,0.154946139349,1.54960762171,1.74655579947,1.85234364558,1.95644039332,2.15542403766,0.000672806267027
v_subj.125,0.0898369752162,0.129242268692,-0.163800903096,0.00265136405893,0.0897784477228,0.177058214425,0.342118686825,0.00053180445629
v_subj.126,-1.05652542096,0.152353491635,-1.35437318591,-1.15879886032,-1.05669313294,-0.954670812122,-0.758055981629,0.00073736646179
v_subj.127,-0.547092370771,0.14878134399,-0.837418075828,-0.648135150644,-0.547206926783,-0.447004748897,-0.254836938144,0.000695852408174
v_subj.128,0.399660823245,0.139091228868,0.126182503743,0.306007217051,0.399752235603,0.494066618406,0.671821254345,0.000579742760384
v_subj.129,2.19467276385,0.15861177894,1.88596304985,2.08689820878,2.19472304012,2.30164670555,2.50284415815,0.000860274202844
v_subj.130,-1.59615054746,0.150473114432,-1.89195689143,-1.69621045965,-1.59683977303,-1.49564433246,-1.30104765768,0.000805481058579
v_subj.131,-0.175149063935,0.140900306886,-0.454411100992,-0.269406577979,-0.174208105656,-0.0807414637664,0.0999756993694,0.000711691567086
v_subj.132,2.02241823347,0.147238960706,1.73237238211,1.92357622454,2.02247806189,2.1215519304,2.31200278958,0.000624365089117
v_subj.133,0.0878273772199,0.148005260734,-0.202054254578,-0.0123871670194,0.0878561853017,0.188187934884,0.37729567776,0.000608594631629
v_subj.134,1.36653842271,0.153495743173,1.06589324856,1.26293265674,1.3663081822,1.47117978213,1.66713497708,0.000665059149812
v_subj.135,0.561613023056,0.137460816967,0.293041842161,0.468525622512,0.561276306966,0.654058239299,0.833221809119,0.000618341357207
v_subj.136,0.21949496269,0.140362259561,-0.0567686960929,0.12512747172,0.219426584021,0.313981081403,0.494897839265,0.000666278353858
v_subj.137,-0.0902544571561,0.149728254606,-0.385046035247,-0.191603268567,-0.0900519210574,0.0111410198983,0.201812463234,0.000671887225202
v_subj.138,-0.0813083617431,0.148362634329,-0.372383212118,-0.182029437647,-0.0821586726455,0.0194749274169,0.208269203951,0.000708481224345
v_subj.139,-0.765417993769,0.147019950624,-1.05444542433,-0.864131874941,-0.765013776586,-0.666269967697,-0.47752525538,0.000622134533732
v_subj.140,-3.18051545648,0.161709550101,-3.49730741469,-3.2889189718,-3.18034903887,-3.07126003995,-2.86397274907,0.000817300531719
v_subj.141,2.3556655906,0.173783558812,2.01726304091,2.23734232529,2.3555694631,2.47271310507,2.69422723214,0.000714576952697
v_subj.142,-0.0502600505411,0.144655029914,-0.331695511817,-0.147157657545,-0.0502636338246,0.0467635547842,0.23497553363,0.00071676803266
v_subj.143,-2.20967704318,0.157953200922,-2.52421307583,-2.31472840816,-2.20949342938,-2.10197045042,-1.90201417231,0.000724397743209
v_subj.144,1.37035106305,0.145751917034,1.08257640482,1.27217276909,1.37054484754,1.46863624421,1.65549694628,0.000635717591657
v_subj.145,0.529361307215,0.148269164245,0.238305839248,0.429609676302,0.529132737282,0.629584315057,0.817554095945,0.000698044385694
v_subj.146,2.58802811646,0.167047966405,2.26171712345,2.4751142026,2.58775523541,2.70082602417,2.91814381121,0.000709822018609
v_subj.147,-2.41703794621,0.165434663494,-2.74394589999,-2.52721751097,-2.41710139156,-2.30559326014,-2.09564167907,0.000739230546722
v_subj.148,1.83303850609,0.150227925975,1.53826366485,1.73101055832,1.83418884176,1.93436676962,2.12677092207,0.000687713908412
v_subj.149,-3.43210947226,0.174032769084,-3.77558557132,-3.54923827488,-3.43094234121,-3.31428308427,-3.09241211338,0.000795218020472
v_subj.150,-0.959455469957,0.142564055726,-1.23919793902,-1.05538644071,-0.959467015782,-0.863288854531,-0.67962579253,0.000626309455714
v_subj.151,-1.18080410602,0.142279897879,-1.45813962311,-1.27708743577,-1.18186193506,-1.08481599681,-0.90124410681,0.000680490413603
v_subj.152,-1.07098923342,0.139958945384,-1.34623124838,-1.16414471735,-1.07077841239,-0.977220439504,-0.79469497596,0.000691514982776
v_subj.153,2.03282534275,0.154846212495,1.72997149931,1.92761090995,2.03255228152,2.13652450642,2.33768012758,0.000695290458231
v_subj.154,2.27438477328,0.162711170432,1.95553983741,2.16435905596,2.27379805901,2.38314045499,2.59567358254,0.000692048029301
v_subj.155,0.541034987089,0.15153307109,0.244515524007,0.438851532694,0.54139968861,0.644331753495,0.837392393696,0.000719630990257
v_subj.156,0.495902413626,0.144153801693,0.214189288889,0.398469151486,0.495995835473,0.591789504625,0.78074338411,0.000604422697715
v_subj.157,-0.808598680766,0.147624485328,-1.09771212372,-0.90728017077,-0.808743525001,-0.709345842739,-0.519599890961,0.000733736416867
v_subj.158,1.07102073206,0.15100817936,0.774009141205,0.969184710887,1.07029667898,1.17223264906,1.36587328699,0.000679991054954
v_subj.159,-3.30344188622,0.174571337078,-3.64615570815,-3.42155841895,-3.30285441318,-3.18483035811,-2.96297523092,0.000770117619754
v_subj.160,2.53696261383,0.165082173672,2.21404549352,2.42467651796,2.53602782735,2.64928846896,2.86021102683,0.000786482895796
v_subj.161,-0.499790041385,0.147837495095,-0.791140132701,-0.599906899101,-0.499997790173,-0.399609074697,-0.210181004864,0.000625774828539
v_subj.162,-2.44814051386,0.160679681455,-2.76486146679,-2.55629652965,-2.44824240693,-2.33961011755,-2.13434227849,0.000712383358056
v_subj.163,-0.511054205552,0.150013940638,-0.804956367586,-0.612960085767,-0.511057763376,-0.408940121973,-0.217919977131,0.000703193015535
v_subj.164,2.68639928884,0.169119931746,2.35256719018,2.57257917849,2.68590593129,2.79996435464,3.02101672852,0.000813275635049
v_subj.165,2.05978062885,0.159781520318,1.74683909462,1.9528650388,2.05911684401,2.16789883326,2.37576407006,0.000726347998836
v_subj.166,-0.543551083117,0.154388636316,-0.846086172438,-0.647407618387,-0.543405736619,-0.439075292145,-0.240266677776,0.000675658458012
v_subj.167,-1.34320854637,0.149144434871,-1.63497804448,-1.44384936854,-1.34291090029,-1.24288773966,-1.05143195833,0.000597022574843
v_subj.168,-0.846320601992,0.149185330322,-1.13842943556,-0.947154751523,-0.846352215064,-0.744941702684,-0.554209145736,0.000656862951959
v_subj.169,0.826066631101,0.149337278335,0.533291783686,0.725213416899,0.82650656464,0.92662413784,1.11913173498,0.000667393953035
v_subj.170,-1.01511158537,0.150978613197,-1.31010477444,-1.11737258932,-1.01530552915,-0.91301544577,-0.71970362688,0.000762411021244
v_subj.171,1.08846873751,0.144625227631,0.806753346164,0.990790378786,1.08814882982,1.18666069543,1.37349476591,0.000702776667416
v_subj.172,2.3559896692,0.166106922151,2.02994468291,2.24330372412,2.3559073588,2.46774368694,2.68166035742,0.000804397155832
v_subj.173,-0.721276009,0.14499921153,-1.00671173096,-0.819332270255,-0.721468469958,-0.622638339165,-0.438103610263,0.000652310756747
v_subj.174,-3.63267177982,0.183588984687,-3.99454141171,-3.75680877573,-3.63157869594,-3.50890104996,-3.27505771129,0.000770839179334
v_subj.175,-0.67559229302,0.141380419787,-0.952313211642,-0.771497122602,-0.674886688595,-0.58072742619,-0.397334649908,0.000563230009393
v_subj.176,0.401078041892,0.145055593637,0.116171870888,0.303439986673,0.401750639706,0.498704210753,0.684809574676,0.000627188384986
v_subj.177,-2.11721726174,0.162464931961,-2.43504053416,-2.22730591443,-2.11712544006,-2.00674742415,-1.80031407803,0.000769078772723
v_subj.178,-2.24934634492,0.16054567181,-2.56471699769,-2.35790416305,-2.24953509795,-2.1414745519,-1.93363306168,0.000734386743593
v_subj.179,1.16176161766,0.145880169909,0.87429753694,1.0635318374,1.16170623048,1.25955104001,1.45012239508,0.000647063711468
v_subj.180,1.73538312284,0.149695630634,1.44283886031,1.63489709147,1.73420197916,1.83716601332,2.02793275554,0.000721523897025
v_subj.181,-2.79828648417,0.168117267646,-3.12752872721,-2.91155855551,-2.79853973476,-2.68432150224,-2.47033826336,0.000727342605796
v_subj.182,2.93658494747,0.168629148821,2.60786817367,2.82247396296,2.93626453499,3.05045905563,3.26773796019,0.000728087000937
v_subj.183,-0.0269329620923,0.133269351628,-0.286754109446,-0.11656823773,-0.0269099146698,0.06313375217,0.23350198069,0.000544720352639
v_subj.184,1.96373568438,0.155125790238,1.65931548158,1.8584272288,1.96363404518,2.06838792489,2.26751545086,0.000639787720496
v_subj.185,-0.274200614824,0.143002799749,-0.555603112039,-0.370458530611,-0.274321840556,-0.177354463876,0.00828320650638,0.000615003320746
v_subj.186,-0.55914686637,0.152356411585,-0.857464771619,-0.661626841777,-0.559242286504,-0.455836291709,-0.258174759863,0.000660485695318
v_subj.187,-2.19107841082,0.157610812914,-2.50029777288,-2.29773913866,-2.19110933447,-2.08478348492,-1.8821611846,0.000732495752481
v_subj.188,1.39894655769,0.146598917759,1.11168809245,1.30001159668,1.39922279943,1.49769133092,1.68700713762,0.000723316927293
v_subj.189,-0.617336397526,0.145298510004,-0.903929471034,-0.716432037633,-0.616894200673,-0.518399851364,-0.335524721169,0.000764223383007
v_subj.190,0.170063391818,0.145823781415,-0.1184489291,0.0733897977847,0.169669873877,0.268401008498,0.454698067575,0.000745784039983
v_subj.191,-0.736653580141,0.154479059681,-1.03896899627,-0.840359502215,-0.735955936856,-0.632470613057,-0.434938305431,0.00062460316822
v_subj.192,2.36171486358,0.154698818846,2.06003677721,2.2571889103,2.36174176952,2.46533826587,2.66526835667,0.000691576016754
v_subj.193,-1.81393268899,0.153983243787,-2.1160164066,-1.91794356027,-1.81312429765,-1.71047595921,-1.51314191422,0.000748437364843
v_subj.194,-0.620978935084,0.152453047847,-0.920957005626,-0.723737557836,-0.620477378573,-0.518085139969,-0.320391205988,0.000737518073476
v_subj.195,1.50081570478,0.144708003504,1.21635717319,1.40425177329,1.50008939718,1.59840196914,1.78518504612,0.000757074423157
v_subj.196,-0.815262775447,0.143595037404,-1.09634394518,-0.912838052474,-0.815832584594,-0.718458353326,-0.53337583365,0.000593089744758
v_subj.197,0.649053978169,0.152558705607,0.349861054847,0.546286559848,0.649140143154,0.750936762439,0.949753575234,0.000668067627356
v_subj.198,0.734941131437,0.157556500572,0.422827990666,0.629436364139,0.735108374594,0.84163279996,1.04409684552,0.0007378168403
v_subj.199,-1.6171983345,0.150425269163,-1.91102038716,-1.71932316771,-1.6173922421,-1.5152267824,-1.3225904306,0.000619386103962
t,0.0413693151118,0.00027795508052,0.0408306366316,0.0411808420357,0.0413669376117,0.0415549329478,0.0419225872766,1.19997220374e-06
t_std,0.00359154329156,0.000212400066431,0.00319522725997,0.00344471423594,0.00358332277037,0.00372905859094,0.00403195275923,9.54553632074e-07
t_subj.0,0.0390192674521,0.00123150779432,0.0369122362318,0.038259519867,0.0389444638296,0.039637521804,0.0418254976123,5.02345204596e-06
t_subj.1,0.0394902016455,0.00227843442918,0.0360860362102,0.037796665678,0.0390203482774,0.0409294800263,0.0444900886802,9.52869482863e-06
t_subj.2,0.0388352639445,0.00100430254574,0.0368270771869,0.0381871234136,0.0388446677678,0.0394910067974,0.0408101128639,4.5366965676e-06
t_subj.3,0.0447539324343,0.00189232577518,0.0412834387688,0.0432046973046,0.0448321050949,0.046328612373,0.0479393194229,8.28454873757e-06
t_subj.4,0.0360742775726,0.00193578650848,0.0322201866922,0.0343846334992,0.0367018169508,0.0375802328646,0.0387527528096,8.62498482968e-06
t_subj.5,0.0339085665791,0.00108003935085,0.0318259080478,0.0331520668746,0.0338938517176,0.0346814964074,0.0359578013179,5.12009350021e-06
t_subj.6,0.0380352388305,0.0010286673747,0.0360111164357,0.0373841159912,0.0380225682541,0.0386774985605,0.0401436882047,4.58443406743e-06
t_subj.7,0.0436350993395,0.00217606037365,0.0395947681335,0.0418257850897,0.043977833871,0.0453315030672,0.0471742414086,1.02760565486e-05
t_subj.8,0.0382155205096,0.0012026885954,0.0360462078331,0.0373947861115,0.0381322614651,0.0389768956385,0.0407191735425,5.97147132877e-06
t_subj.9,0.0420188109443,0.00105164773925,0.0397357482374,0.0413899214879,0.0420656741379,0.0427167165807,0.04394030741,4.64230746797e-06
t_subj.10,0.0363530428267,0.00102063889741,0.0341588070565,0.0357401206379,0.0364123772603,0.0370522168943,0.038145100345,4.17397912961e-06
t_subj.11,0.0401510284556,0.000982870168511,0.0381354323901,0.0395069615028,0.0401838129042,0.0408298696215,0.0419709119509,4.07847193925e-06
t_subj.12,0.0430029990474,0.00212764193353,0.039508923554,0.0414819195528,0.0427813940835,0.0442717395008,0.0474316450237,1.06371561357e-05
t_subj.13,0.0433992449722,0.000969502329591,0.0414150876299,0.0427770856847,0.0434241180712,0.0440485210554,0.0452344968059,4.70684947531e-06
t_subj.14,0.0460117437173,0.0014551101088,0.042998191482,0.0450199026458,0.0461664798496,0.0470394962272,0.048597761167,7.02453934577e-06
t_subj.15,0.0426794306887,0.00118520270762,0.0403491903128,0.0419122960072,0.0426595606621,0.0434463580782,0.0450443706694,5.53110396954e-06
t_subj.16,0.0412431714981,0.00168647397606,0.0385120724324,0.0400571382508,0.0410376403691,0.0421408363988,0.045186508157,7.87526535319e-06
t_subj.17,0.0440861966216,0.00107801222532,0.0418439381177,0.0433895651516,0.0441338042313,0.0448315388896,0.0460672186126,4.56894193891e-06
t_subj.18,0.0415421863271,0.000944134855789,0.0395879109875,0.0409229182533,0.0415858644257,0.0421995218591,0.0432739480029,4.53938090463e-06
t_subj.19,0.0357955670579,0.00110308560035,0.0338592549488,0.0350946075926,0.0357198442764,0.03636751282,0.0385444886701,5.10163393017e-06
t_subj.20,0.0377535437776,0.00103999297313,0.0357524925172,0.0370535951558,0.0377329169941,0.0384234393258,0.0398684004714,4.78184136137e-06
t_subj.21,0.0389662370162,0.000924886119357,0.0370585944719,0.0383598471156,0.0389992554164,0.039609261404,0.0406811343937,4.27464399804e-06
t_subj.22,0.0458875637498,0.00111763194774,0.0437057081741,0.0451568411636,0.0458797592837,0.0465998539127,0.0481763364063,4.60569483822e-06
t_subj.23,0.0412685484223,0.00176382435802,0.0378830439395,0.0400835378083,0.0411839083725,0.0425169820712,0.0446068508601,8.26821634384e-06
t_subj.24,0.0413570187493,0.00124882047593,0.0391854648743,0.0405488294013,0.0412397416669,0.0420103465667,0.0443580593975,5.42705306743e-06
t_subj.25,0.0379379260884,0.000939242637452,0.0360608602553,0.0373354184842,0.0379507610567,0.0385574567381,0.0397614772397,3.72316918849e-06
t_subj.26,0.0344726529464,0.00166910289949,0.0315084433107,0.0331201366738,0.0344694628664,0.0358524460628,0.0373715558895,7.39488532181e-06
t_subj.27,0.0425405012929,0.00139875568108,0.0389653403033,0.0418505386407,0.0426974062464,0.0434485873945,0.044859418988,6.33773431218e-06
t_subj.28,0.0424655101479,0.00196858305001,0.0379819562089,0.0412871783042,0.0426336180145,0.0438088927089,0.0458921347927,9.08909888889e-06
t_subj.29,0.0425802876656,0.00122332483886,0.0402404441343,0.0417704985097,0.0425429688395,0.0433732024739,0.0450639339796,5.62797400326e-06
t_subj.30,0.0427015019737,0.00101278837961,0.0405884122313,0.0420449378615,0.0427474687148,0.0434072171598,0.0445474821203,4.64227996253e-06
t_subj.31,0.0438795730982,0.00106693986321,0.0416822471946,0.0431880234556,0.0439201268413,0.0446167919938,0.0458579664607,4.88832479521e-06
t_subj.32,0.0431016003017,0.00164398249128,0.0386568965124,0.042506066315,0.0434665131229,0.0441829732396,0.0453470171463,7.942465131e-06
t_subj.33,0.0428761714037,0.00144843977288,0.0403598771072,0.0418277653884,0.0427154748704,0.0438731900854,0.0458414641623,6.41021275012e-06
t_subj.34,0.0422697152533,0.000990631607862,0.0402477394671,0.0416309619221,0.0422925553031,0.0429294448266,0.0441787268705,4.62964913384e-06
t_subj.35,0.0402198995496,0.00224585601213,0.0365542560751,0.0386699684666,0.039884661964,0.041514242882,0.0455718503443,9.43722566279e-06
t_subj.36,0.039456295576,0.000901335043896,0.0375738245655,0.0388888197251,0.0394959566755,0.0400770635565,0.0410971309959,4.17234536494e-06
t_subj.37,0.0393178145986,0.00125340547876,0.0366894402607,0.0384892596704,0.0394434249008,0.0402046255551,0.0415054771625,5.4999567852e-06
t_subj.38,0.0470776258582,0.00181445364078,0.0421216703868,0.0463720180234,0.0473358981328,0.0481993912604,0.0499345686351,8.95581324021e-06
t_subj.39,0.0418617238364,0.00148480940218,0.0396570759529,0.0409428722004,0.0416128265675,0.0423534295635,0.0459829320242,7.28605493866e-06
t_subj.40,0.0433246820275,0.000988683496134,0.0412826824557,0.0426838345443,0.0433639182239,0.0440112501506,0.045135511969,4.66396962776e-06
t_subj.41,0.0386387190202,0.000970526629694,0.0366483870895,0.038010394176,0.0386631448571,0.0392964706141,0.0404829433957,4.8742344393e-06
t_subj.42,0.0474940427108,0.00250491614415,0.0426033440241,0.0452636481891,0.0483056273144,0.0494740865386,0.0509867603264,1.24095984282e-05
t_subj.43,0.0407633091152,0.0016304227691,0.0369521123599,0.0400185164275,0.0410194640938,0.0418534310033,0.0433735385614,8.64958973073e-06
t_subj.44,0.0383845802893,0.00115505936331,0.0359233505023,0.0376388778835,0.0385211354811,0.0392045871853,0.0403462438995,5.22282376866e-06
t_subj.45,0.0386357616598,0.00109838005764,0.0361801535874,0.038028392755,0.0386810808007,0.0393090224883,0.0407226881999,4.56187769524e-06
t_subj.46,0.0380502714534,0.000945478662693,0.0361435542347,0.0374350619502,0.0380690824053,0.038679885757,0.0398824914614,4.33424415806e-06
t_subj.47,0.0373189089657,0.00121196201555,0.0351965314785,0.036535813929,0.0372256818507,0.0379647316063,0.0401481353514,5.74464982006e-06
t_subj.48,0.0376527804918,0.000892187211759,0.0358510510137,0.0370639353072,0.03767397546,0.0382621366058,0.0393486671239,3.83115224736e-06
t_subj.49,0.0399643737212,0.000957109314841,0.037997402924,0.0393401565488,0.0399990977421,0.0406238031674,0.0417536043407,4.71338023018e-06
t_subj.50,0.0408224045908,0.00124410087206,0.0384009264136,0.0399416097749,0.0408561295107,0.0417314199836,0.0430683332626,5.29874386601e-06
t_subj.51,0.0439705066184,0.00200393838377,0.0405394795461,0.0422980293958,0.043828950949,0.0457331880951,0.0473873979259,9.16461755971e-06
t_subj.52,0.0459427455274,0.00146874357164,0.0428118312765,0.0449626259657,0.0461432066685,0.0470239008871,0.0483706615406,5.52294920543e-06
t_subj.53,0.0409484713511,0.00199293028567,0.0372573424912,0.0393516947719,0.0411208812616,0.0424519982929,0.0444521874864,7.75876171694e-06
t_subj.54,0.039942375104,0.000917158932358,0.0380715782592,0.0393417400759,0.0399678956217,0.0405705674558,0.0416586094499,4.55540762596e-06
t_subj.55,0.0414409421867,0.000960575024709,0.0394421403845,0.0408219818303,0.0414827145548,0.0421037926926,0.0432144159464,4.71735358801e-06
t_subj.56,0.0413651584853,0.000964514099182,0.0393698671829,0.0407453786049,0.0414026837421,0.042019049986,0.0431459773738,4.02956642672e-06
t_subj.57,0.0365305367124,0.000846531490322,0.0347900506722,0.0359799051484,0.0365608592799,0.0371036259915,0.0381052287627,3.5951773438e-06
t_subj.58,0.0417171588204,0.00159842581327,0.0391742573933,0.0406700217829,0.0414585672175,0.0424784271876,0.0455244184614,7.20353691408e-06
t_subj.59,0.0406603082553,0.00170958878622,0.0367900031021,0.0395978751137,0.0410758309433,0.0419143858212,0.0431383970872,8.42008999752e-06
t_subj.60,0.0397401171976,0.00128097321581,0.0372200693912,0.0388773899714,0.039772193685,0.0406008242953,0.0422267935289,5.49803846362e-06
t_subj.61,0.0322280751224,0.00078141352164,0.0306317896466,0.0317142140336,0.0322551137028,0.0327661863366,0.0336937918612,3.60699745685e-06
t_subj.62,0.0432118396803,0.00106217629596,0.0411286106001,0.0425242846533,0.0432143142876,0.0438887818877,0.0453341837953,5.13134109024e-06
t_subj.63,0.0471006469663,0.00123798285571,0.0442120438224,0.0464148306487,0.047257917268,0.0479646467955,0.0491332135872,5.52093938458e-06
t_subj.64,0.0443080524081,0.00141524597628,0.0417011754694,0.0433242789133,0.0442213488787,0.0452395396237,0.0472289305417,6.22462829467e-06
t_subj.65,0.0447376787758,0.00114306976367,0.0417823965743,0.0441625428187,0.0448495735902,0.0454653058212,0.0466396563477,4.85907016096e-06
t_subj.66,0.0417606995342,0.000906708527457,0.0398637733183,0.0411759035533,0.0418008860599,0.0423921199984,0.0434085660349,4.33030651127e-06
t_subj.67,0.0389375437636,0.000960561180672,0.0369591127068,0.0383151793118,0.0389715403097,0.0395981046895,0.0407186502925,3.7177540276e-06
t_subj.68,0.0426708324803,0.00201623031635,0.0394733595902,0.0411543612237,0.0423301423051,0.0439933361339,0.0467604854441,9.10907029454e-06
t_subj.69,0.0427063487528,0.000977063171284,0.0406922267274,0.0420726771159,0.0427464561098,0.0433761313417,0.0445244829278,4.79955997712e-06
t_subj.70,0.0489615375548,0.00122043406128,0.0462448624528,0.0483280666233,0.0490724847056,0.0497500655323,0.0509590554791,5.5578068374e-06
t_subj.71,0.0461612075095,0.00109870561625,0.0440008342708,0.0454496096104,0.0461487234564,0.0468597927224,0.0484265917268,5.13734120036e-06
t_subj.72,0.0407168948339,0.0010681477255,0.0384857445538,0.0400220961893,0.0407638509052,0.0414593244531,0.0426859242679,4.58403144013e-06
t_subj.73,0.0432884488892,0.00138285425937,0.0404509215834,0.0423265143694,0.0434183709087,0.0443146007035,0.045643987433,5.52290309174e-06
t_subj.74,0.0405559235239,0.00369845496175,0.0353346479241,0.0369890514006,0.0400697525499,0.0442601135966,0.0459808362637,2.13786536191e-05
t_subj.75,0.0440794478458,0.000999908142877,0.0420153231777,0.0434483820782,0.0441215046255,0.0447552734841,0.0459237275439,4.48444180275e-06
t_subj.76,0.0399034885166,0.00162047888585,0.037055085607,0.0386389393738,0.0397921597872,0.0412022191097,0.0428930255528,6.7903898742e-06
t_subj.77,0.0443634985506,0.00133850466935,0.0413728000205,0.0436046562832,0.0444648109076,0.045243699861,0.0467741952338,6.40410042689e-06
t_subj.78,0.0445669512804,0.00111158266652,0.0423224205627,0.0439170257407,0.0445870462185,0.0452304093151,0.0466778185759,5.31549292789e-06
t_subj.79,0.0432820565065,0.00150952452281,0.0407119939946,0.0422396952847,0.0430959409669,0.0441735120141,0.0466085060799,7.88523829139e-06
t_subj.80,0.0423167774859,0.00123580907521,0.0395261494297,0.0415968820257,0.0424097473241,0.043138834088,0.0445024663476,4.78531246516e-06
t_subj.81,0.0317876962273,0.000842842432294,0.0300821897674,0.0312363445657,0.0318096415917,0.0323586942941,0.0333950279981,3.81975064179e-06
t_subj.82,0.0373487559541,0.00120459510155,0.0353347343748,0.0365507418581,0.0372060059309,0.0379417708042,0.0402694838582,5.42936486035e-06
t_subj.83,0.0443129467788,0.00139590390293,0.0416717816438,0.0432823688549,0.0442925731507,0.0453872030362,0.0468528542002,6.39158102991e-06
t_subj.84,0.0372443663095,0.000866632513662,0.0354651452716,0.0366833863498,0.0372694827743,0.0378368005175,0.038863342713,3.79907646141e-06
t_subj.85,0.0419668925742,0.000960452641375,0.0399914449852,0.0413487767796,0.0419992749686,0.0426186745215,0.0437600238705,4.47227755758e-06
t_subj.86,0.0401483236657,0.000956232376235,0.0381740398556,0.0395216052893,0.0401906961307,0.0408106068503,0.0419147438963,4.41911079595e-06
t_subj.87,0.0421444045396,0.00158406764006,0.0395618477677,0.0410147706263,0.0418565277743,0.0431454102526,0.0455140847147,6.91759639849e-06
t_subj.88,0.0485231796862,0.00106306479556,0.0463573329886,0.0478460509618,0.0485621881258,0.0492453267818,0.0504975418192,4.35397512407e-06
t_subj.89,0.0444907344772,0.000984295202551,0.0424433464248,0.0438622180511,0.0445358804311,0.0451645711689,0.0462935551333,4.47202892764e-06
t_subj.90,0.0390864608028,0.0014097518348,0.0360257346855,0.0382046531519,0.0392308972795,0.0401254156907,0.0414352916534,6.16904409127e-06
t_subj.91,0.0409094605339,0.00108024608032,0.0385720035386,0.040269696906,0.0409599419105,0.0416035770634,0.0429543591437,5.33630492824e-06
t_subj.92,0.0416291480251,0.000982398172142,0.0396294806505,0.0409911459777,0.0416545451713,0.0422874594873,0.0434943034539,4.60610707181e-06
t_subj.93,0.0417747965496,0.0013426564278,0.0391062233102,0.04094717718,0.0417226536784,0.0425435024291,0.0447318540664,5.22797620538e-06
t_subj.94,0.0433720080014,0.00099735633795,0.0413489122449,0.0427311029599,0.0433947601232,0.0440292948535,0.0452927886483,4.7113324288e-06
t_subj.95,0.0487503580337,0.00102722985789,0.0466493319441,0.0480896720956,0.048781582713,0.049453973013,0.0506539483814,4.65849046837e-06
t_subj.96,0.0441018952921,0.000963390784138,0.0421097834818,0.0434741164202,0.044138426477,0.0447814616373,0.045867643894,4.20169158301e-06
t_subj.97,0.0400224388777,0.0020678163937,0.0367894085005,0.0382331102526,0.0395912241287,0.0420162151752,0.0434378993468,1.08944629581e-05
t_subj.98,0.0416187379108,0.00121444863271,0.0389840919368,0.0409189442294,0.0416723150109,0.0423704501167,0.0439899237968,5.56601118025e-06
t_subj.99,0.0438080710478,0.00159414604237,0.0401796134625,0.0428729978915,0.0441317854628,0.0449587367479,0.0462345872508,7.70787726439e-06
t_subj.100,0.0386875491144,0.00292716515353,0.0342431000718,0.0360590820425,0.0382489903188,0.0415547983863,0.0434808896402,1.33069670278e-05
t_subj.101,0.0362525850942,0.00103298271689,0.0342696346741,0.0355658755758,0.0362310050139,0.0369137892028,0.0383874095822,5.11813090231e-06
t_subj.102,0.0364274720218,0.00152829659199,0.0337337640738,0.0353100315966,0.0362637102589,0.0375563413801,0.0393896719888,7.65270172405e-06
t_subj.103,0.0377080260813,0.000938680910098,0.0357865793714,0.0370965771912,0.0377351107048,0.0383400941483,0.0394847751018,4.00742796047e-06
t_subj.104,0.0464308946958,0.00148287779144,0.0436822881179,0.0453737948109,0.0463702971338,0.0474668655469,0.0494131831257,7.53984491349e-06
t_subj.105,0.0407036354028,0.00128976932215,0.0380321002594,0.0399544853045,0.0407942114781,0.0415015800085,0.042847576488,6.09764046136e-06
t_subj.106,0.0347079435299,0.00158694047198,0.0322368702625,0.0335592575674,0.0344643925235,0.0356380303273,0.0384447720015,7.57609935047e-06
t_subj.107,0.0392020073485,0.000946024698348,0.0372261904247,0.0385980476934,0.0392501391191,0.0398575972998,0.0409300062777,4.1326731282e-06
t_subj.108,0.0438170080736,0.00146467936645,0.0408283848412,0.042923506974,0.0437890555694,0.0446903798165,0.0468883494444,5.88709803472e-06
t_subj.109,0.0429892514196,0.00112087190544,0.0408560948549,0.0422441279125,0.0429511638524,0.0437017876113,0.0453063768102,5.62085888234e-06
t_subj.110,0.0436999328534,0.00127640491476,0.0409260402488,0.0429387095995,0.043755596566,0.0445179950427,0.0461400024953,5.78070784649e-06
t_subj.111,0.0375346149516,0.00112807308789,0.035389362859,0.0367672347916,0.0374916999492,0.0382770919227,0.0398209560812,5.17842929194e-06
t_subj.112,0.0422487001927,0.00186369703692,0.0393083842707,0.0407517016554,0.041889925681,0.0437537994925,0.0458967461434,7.85055573096e-06
t_subj.113,0.0410264268342,0.00107887109548,0.0390164891976,0.040329459711,0.0409653701452,0.0416548081179,0.043428535102,4.51819205186e-06
t_subj.114,0.0439528674608,0.00142250961015,0.0413135468296,0.0429359581052,0.0439163193122,0.044949736336,0.04677748859,6.832444801e-06
t_subj.115,0.0386834808381,0.00125732706158,0.0363885999799,0.0378223598022,0.0386060046663,0.0394649405976,0.0414005045834,6.36656006271e-06
t_subj.116,0.043326453555,0.00116318763029,0.0410628995097,0.0425590328018,0.0433152823079,0.0440717322888,0.0457050727734,5.19412640459e-06
t_subj.117,0.0432143215777,0.00171273932954,0.0396244737349,0.0420836209033,0.043302798348,0.0444587818798,0.0462128941754,8.11164983251e-06
t_subj.118,0.0455203959076,0.00202054967622,0.0417908495222,0.0437479902696,0.0459223626657,0.0471791979408,0.0487019330906,9.98025429274e-06
t_subj.119,0.0422391922567,0.00106898454641,0.0397921753212,0.0416118686908,0.0423269916092,0.0429729781433,0.044081607276,4.65601236996e-06
t_subj.120,0.046631228057,0.00147444794145,0.0436864690736,0.0455869132271,0.0467130187041,0.0477568522674,0.0491488807675,5.88106530199e-06
t_subj.121,0.0357439361448,0.00104955466881,0.0337895000247,0.0350608217797,0.035708420664,0.036354406736,0.0380762340789,5.02359480426e-06
t_subj.122,0.0428931431175,0.00204958668323,0.0394572716024,0.041381734962,0.042587629393,0.044277197227,0.0469656286699,9.35235540508e-06
t_subj.123,0.0438636834778,0.00149630261567,0.0400257576132,0.043217381769,0.0441099619689,0.0448429514437,0.0461930054584,7.65376011036e-06
t_subj.124,0.0393355898388,0.00104802956242,0.0372915139236,0.0386482311066,0.0393343924318,0.0400113809904,0.0414727553244,4.89364420094e-06
t_subj.125,0.0421099912216,0.00153818871727,0.039129602159,0.0410249885773,0.0421327010767,0.0432206357205,0.0449575600688,7.61277478341e-06
t_subj.126,0.0477371805727,0.00243570185729,0.0426349431436,0.0460582289158,0.0485768454549,0.0495228044008,0.0508653947813,1.28943822263e-05
t_subj.127,0.0453589319203,0.00126750069929,0.0426501621362,0.0446050104102,0.0454643700678,0.0461788776844,0.0476214435404,5.56192316849e-06
t_subj.128,0.0409626409202,0.00173570645702,0.0385229373282,0.039958457219,0.0406836588181,0.0414768425306,0.0464765947481,8.32651426985e-06
t_subj.129,0.0352251535418,0.000995863007246,0.0332874219152,0.0345664486812,0.0352134328875,0.035868575088,0.037248880275,4.12494440071e-06
t_subj.130,0.0408338434524,0.000970114470311,0.0388543079918,0.0402073632171,0.0408528916287,0.0414839797535,0.0426671386137,4.47777009915e-06
t_subj.131,0.0426507805751,0.00136646373693,0.0402298300445,0.0417443058002,0.0425318292779,0.0434115755442,0.0458601931028,6.14708054017e-06
t_subj.132,0.0440217066561,0.00109822275328,0.0417688712697,0.0432997914276,0.044064775041,0.0447878094368,0.0460473137505,4.42491595911e-06
t_subj.133,0.0471506219348,0.00114039802838,0.0448869952471,0.0464328765317,0.0471440094461,0.0478638170098,0.0494286877659,5.14063173433e-06
t_subj.134,0.0396254103685,0.0012007319084,0.0371175583711,0.0388562638919,0.0397223382378,0.0404418853736,0.0417776446418,5.4962018464e-06
t_subj.135,0.0410741689582,0.00102388047973,0.0389637594208,0.0404039472794,0.0411172644445,0.0417793462496,0.0429644927232,5.33278699782e-06
t_subj.136,0.045393986353,0.00132824656634,0.0428445480146,0.0444683221885,0.0453502979603,0.0463287174128,0.0479484322788,6.07513343581e-06
t_subj.137,0.0411256136682,0.0011880367237,0.0384979777853,0.0404309873772,0.0412502197769,0.0419331780078,0.0432093658619,5.33218406441e-06
t_subj.138,0.0506950869061,0.00158571850294,0.0478163234372,0.0495533464107,0.0506117158049,0.051797369038,0.0538963939439,7.52721258951e-06
t_subj.139,0.0400616122867,0.00158921671114,0.0372381856041,0.0388269490756,0.0399804987212,0.041340019752,0.0429568952278,7.44122404569e-06
t_subj.140,0.0383709765871,0.0010560666915,0.0362592755143,0.0376807434353,0.0383821957182,0.0390676275508,0.040457524396,4.54440124107e-06
t_subj.141,0.0425926937937,0.00116188556046,0.0399738054315,0.0419247452062,0.042753841727,0.0434161775749,0.0444778552184,4.95543433268e-06
t_subj.142,0.0450109410882,0.00104742471646,0.0428391515732,0.0443270753558,0.0450587919066,0.0457413688955,0.0469434545654,4.98845725012e-06
t_subj.143,0.0391505261541,0.000980321388845,0.0371867639858,0.0385083652145,0.0391630248924,0.0397883288921,0.0410887942908,4.62218219944e-06
t_subj.144,0.0371962135746,0.00105147324323,0.0352396258089,0.0365355923436,0.0371720077066,0.0377941813401,0.0393930814256,4.55134997422e-06
t_subj.145,0.0445273944966,0.00166978928408,0.0407057130022,0.0436889571782,0.0449208517775,0.0457013921217,0.0469712129056,8.1219906622e-06
t_subj.146,0.0380797689512,0.00115179813723,0.0360527352722,0.0373044704223,0.0379707650436,0.0387520816134,0.0406713354408,5.09698642296e-06
t_subj.147,0.0412359251664,0.0012422824513,0.0387954102964,0.0403195429066,0.0412995399016,0.0421787485284,0.0434267730254,5.5621152866e-06
t_subj.148,0.0388944459507,0.00180517340727,0.0359537926512,0.0375120126913,0.0386722952672,0.0402018925185,0.0427275417567,8.22111802577e-06
t_subj.149,0.0378632467028,0.000921485235528,0.0359696006715,0.0372580856923,0.0379004945163,0.0385058094291,0.0395773541936,4.67659784614e-06
t_subj.150,0.0411265949264,0.00119376642871,0.0388537580918,0.0403953271887,0.0411048318781,0.0418227407752,0.0434873617502,6.02582823156e-06
t_subj.151,0.0390704728572,0.00102979297146,0.0369937275234,0.0384006286441,0.0390925873186,0.0397466245546,0.0410600778791,4.48056151878e-06
t_subj.152,0.0427724565429,0.00191804236185,0.0393570350264,0.0415707696351,0.0426526088031,0.0437667201696,0.0475449779032,9.04587096594e-06
t_subj.153,0.0387498774072,0.00136126953447,0.036261763923,0.037772470018,0.0387222463561,0.0396732593905,0.041516256394,6.20369260691e-06
t_subj.154,0.0373501920165,0.00139328287312,0.0350804976551,0.0364111152732,0.0371690739506,0.0381094787808,0.0409119033879,5.89967025633e-06
t_subj.155,0.0428039489336,0.00091803433565,0.0409272881071,0.0422106363181,0.0428362612691,0.0434155074,0.0444975045637,4.07638833715e-06
t_subj.156,0.0449806279571,0.00112188052824,0.0426835903805,0.0442820550092,0.0450166208811,0.0457225873606,0.0470966795005,5.10082600395e-06
t_subj.157,0.0417675440543,0.00159291261614,0.0390951517411,0.0405896566695,0.0415361070821,0.0428906031058,0.0449921821726,7.50579195952e-06
t_subj.158,0.0388786082097,0.000927224372857,0.0369907545282,0.0382793343905,0.0389047896831,0.0395052090478,0.0406451719325,4.01093491649e-06
t_subj.159,0.0395513336463,0.00159747448461,0.0364332346251,0.0383150694248,0.0397505767912,0.0408198318168,0.0421608195243,7.92727018589e-06
t_subj.160,0.0397375341042,0.00111868995135,0.0374298271766,0.0389854501863,0.0398100047838,0.0405442635055,0.0417180217606,4.98934240824e-06
t_subj.161,0.0390897732207,0.000983031132655,0.0371015944496,0.0384865436555,0.0391147719992,0.0397131893874,0.0409423272207,4.37879953235e-06
t_subj.162,0.0391572245775,0.00124149853199,0.0366151073303,0.0383265519761,0.0392630056162,0.0400191560885,0.0413491165279,5.42652021254e-06
t_subj.163,0.0466296093191,0.00137129769907,0.043903880523,0.0456420683428,0.046711492149,0.0476735592036,0.0490245397762,5.67802553217e-06
t_subj.164,0.0380215692829,0.00128828253191,0.035416447699,0.037286256762,0.0380500649763,0.038739797901,0.0409696338986,5.85365198179e-06
t_subj.165,0.0403223558722,0.000926647101693,0.038444483838,0.0397224478549,0.0403362974304,0.0409345422847,0.0421119665579,4.42982550653e-06
t_subj.166,0.0424089919588,0.000896775055054,0.0405775006851,0.0418277049868,0.0424375991813,0.0430174035063,0.0440876114132,3.41720044039e-06
t_subj.167,0.0408323020197,0.000993037304215,0.0388616862777,0.0401946769292,0.0408452895801,0.0414669287744,0.0427895541785,5.16943161224e-06
t_subj.168,0.0407428565278,0.00144249765357,0.0385383433793,0.0398608105106,0.0405579095309,0.0413088159979,0.04508296262,6.24621757033e-06
t_subj.169,0.0455703528906,0.00109492525997,0.0432439303054,0.0449005642589,0.0456114545689,0.0462935719445,0.047620686376,4.81483292803e-06
t_subj.170,0.0404168213048,0.00158761753639,0.0377841769738,0.039241559505,0.0401565024839,0.041604328766,0.0436801517579,7.8668985539e-06
t_subj.171,0.0448473924954,0.00102923889726,0.0427555811354,0.0441853380732,0.0448736453064,0.0455364587607,0.0467711403924,4.3113766752e-06
t_subj.172,0.0369251601656,0.00147309096005,0.0343903795889,0.0357890029635,0.036775220565,0.0380881171827,0.0397058699347,5.90949084164e-06
t_subj.173,0.0403882887714,0.00101490679784,0.0383100727198,0.0397473202107,0.0404197950565,0.0410595999513,0.0423035183832,5.05245368711e-06
t_subj.174,0.0363659523921,0.00145458455842,0.0338525918491,0.0352942116,0.0362085281182,0.0374209690919,0.0392426297962,7.0686391381e-06
t_subj.175,0.0388876440712,0.00101787851985,0.0368533946317,0.0382298064495,0.0388967648003,0.0395478533238,0.040918917661,4.64712042877e-06
t_subj.176,0.0481348738763,0.001121037593,0.0458427532742,0.0474116349756,0.0481678870878,0.0488892468058,0.0502451652456,4.93754057185e-06
t_subj.177,0.0414471797567,0.00188264035412,0.0381380726796,0.0401605394086,0.0412329562708,0.0424557909218,0.0455531047694,9.17288825479e-06
t_subj.178,0.0397753364687,0.000955799567477,0.0378009892745,0.039174328418,0.0398087881694,0.0404072782761,0.0415561469342,4.27109830515e-06
t_subj.179,0.0405610606926,0.00108593311863,0.0381054446269,0.0399348264354,0.0406429028211,0.0412873823899,0.0424713905218,4.49467101533e-06
t_subj.180,0.0434149332663,0.00120741965957,0.040620093299,0.0427280134144,0.0435467813361,0.0442496309459,0.0454456061195,4.7855947062e-06
t_subj.181,0.0384079266158,0.00167355620009,0.035358810744,0.0370817389818,0.0384692800593,0.0396880187725,0.0414811932479,7.5760536438e-06
t_subj.182,0.035129120622,0.00131144757244,0.0328757366292,0.0342387581094,0.0350303462722,0.0358930684335,0.0381734913045,5.98364667004e-06
t_subj.183,0.0425078673063,0.00162342649694,0.0393950463883,0.0414539423887,0.0425016614521,0.0434912274752,0.0459623695307,7.26632235512e-06
t_subj.184,0.0391472324827,0.000942788193867,0.0371791095565,0.0385368951105,0.0391875709674,0.0398002467312,0.0408800715933,4.6726196045e-06
t_subj.185,0.0409103900858,0.000988698477938,0.0388544418787,0.0402682380794,0.0409527239839,0.0415945245815,0.0427297317548,4.62072081514e-06
t_subj.186,0.0400447266504,0.00218824109639,0.0372195371153,0.0385651815592,0.0393648706428,0.0408099789308,0.0451376438706,8.99535907629e-06
t_subj.187,0.0420260101137,0.00126165952637,0.0392815963142,0.0412748643976,0.0421416005974,0.0428748680245,0.0442894768071,6.17460829266e-06
t_subj.188,0.0417103292571,0.00110376148306,0.0396191545643,0.0410222235622,0.0416994922605,0.0423599319077,0.0439514006251,4.8818257638e-06
t_subj.189,0.0426394508534,0.00112026543135,0.0404718813003,0.0418978718226,0.0426221050999,0.0433541543053,0.0449487861193,4.88210321447e-06
t_subj.190,0.042784218287,0.00145453351696,0.0394304878384,0.0419211911602,0.043002500239,0.0438285445113,0.0450851594265,7.38846905039e-06
t_subj.191,0.0466705651315,0.00245025627976,0.0418310777102,0.0442930732036,0.0475981205419,0.048530653938,0.0498207711476,1.25187514119e-05
t_subj.192,0.036930425852,0.00161037415576,0.0339033960509,0.0356707907012,0.0370404219777,0.0381980618038,0.0396957192272,6.98889916846e-06
t_subj.193,0.042565995076,0.00110450626092,0.0400162140402,0.0419428764216,0.0426716875731,0.0433193456966,0.0444448983563,5.35669320136e-06
t_subj.194,0.0440271418338,0.00251425195809,0.0396097365851,0.042017233519,0.0442541104243,0.0456007012843,0.0492128935005,1.32599455794e-05
t_subj.195,0.0393116450006,0.00105613196848,0.0371875453045,0.0386203119752,0.0393233881335,0.0400208840833,0.0413571879158,5.50021337085e-06
t_subj.196,0.0472580105974,0.0010437130727,0.045070465045,0.0465841495128,0.0473089889975,0.0479741586166,0.0491716696888,4.77741859106e-06
t_subj.197,0.0449321316891,0.00100192221093,0.0429142906615,0.0442844885285,0.0449446595779,0.0455926888687,0.0469021730171,4.13101976536e-06
t_subj.198,0.0405286943073,0.00136752731831,0.0376632208097,0.0396961889934,0.0405800379481,0.0414770049638,0.0429616418169,5.71534734658e-06
t_subj.199,0.0416396909584,0.00158969591571,0.0386739720683,0.0404909474485,0.0416608370516,0.042719971112,0.0447340091288,6.97956424739e-06
